<?xml version="1.0" encoding="utf-8"?>
<project xmlns="http://lime.software/project/1.0.2" xmlns:xsi="http://www.w3.org/2001/XMLSchema-instance"
	xsi:schemaLocation="http://lime.software/project/1.0.2 http://lime.software/xsd/project-1.0.2.xsd">

	<icon path="assets/images/logo/HaxeFlixel.svg" priority="-10" />
	
	<section unless="unit-test">
		<assets path="assets/sounds" rename="flixel/sounds" include="*.mp3" if="web || air" embed="true" />
		<assets path="assets/sounds" rename="flixel/sounds" include="*.ogg" unless="flash || air" embed="true" />
	</section>
	
	<assets path="assets/fonts/nokiafc22.ttf" rename="flixel/fonts/nokiafc22.ttf" embed="true" />
	<assets path="assets/fonts/monsterrat.ttf" rename="flixel/fonts/monsterrat.ttf" embed="true" />
	
	<section unless="unit-test html5">
		<assets path="assets/images/ui/button.png" rename="flixel/images/ui/button.png" embed="true" />
		<assets path="assets/images/logo/default.png" rename="flixel/images/logo/default.png" embed="true" />
	</section>
	
	<set name="legacy" unless="next" />
	
	<haxelib name="openfl" unless="create" />
	<haxelib name="hscript" unless="create || coverage2" optional="true" />
	
	<haxeflag name="--macro" value="flixel.system.macros.FlxDefines.run()" />
	
	<section if="setup">
		<haxelib name="hscript" />
		<haxelib name="systools" />
		<haxelib name="flixel-addons" />
		<haxelib name="flixel-ui" />
		<haxelib name="flixel-demos" />
		<haxelib name="flixel-tools" />
		<haxelib name="flixel-templates" />
	</section>
	
	<section if="create">
		<sample path="${haxelib:flixel-demos}/Arcade" />
		<sample path="${haxelib:flixel-demos}/Editors" />
		<sample path="${haxelib:flixel-demos}/Effects" />
		<sample path="${haxelib:flixel-demos}/Flixel Features" />
		<sample path="${haxelib:flixel-demos}/Input" />
		<sample path="${haxelib:flixel-demos}/Other" />
		<sample path="${haxelib:flixel-demos}/Performance" />
		<sample path="${haxelib:flixel-demos}/Platformers" />
		<sample path="${haxelib:flixel-demos}/Tutorials" />
		<sample path="${haxelib:flixel-demos}/User Interface" />
	</section>

	<section if="android">
		<config:android>
			<application android:appCategory="game" if="${lime &ge; 8.2.0}" />
		</config:android>
	</section>
</project>
